what;doctor;treats;aarskog;scott;syndrome
can;aarskog;scott;syndrome;be;prevented
is;there;a;role;for;genetic;counselling;in;preventing;aarskog;scott;syndrome
which;doctor;should;i;visit;in;case;i;wish;to;undergo;an;abortion
which;is;better;medical;abortion;or;surgical;abortion
how;do;i;know;that;the;fetus;is;completely;aborted;after;a;medical;abortion
which;specialist;should;i;see;if;i;have;acute;bronchitis
how;do;people;get;acute;bronchitis
what;are;the;other;problems;that;occur;along;with;acute;bronchitis
who;is;the;doctor;who;treats;all;acute;lymphoblastic;leukemia
what;kind;of;diet;is;recommended;for;all;patients
what;are;the;other;precautions;to;be;taken;acute;lymphoblastic;leukemia
what;are;the;long;term;effects;of;radiation
how;does;potassium;iodide;help;in;radiation;acute;radiation;syndrome
how;is;internal;contamination;treated;acute;radiation;syndrome
what;is;depression
what;causes;clinical;depression
how;common;adolescent;depression
adolescent;depression;serious
are;all;depressive;disorders;alike
